,Code zone,Zone,Année,Valeur
0,2,Afghanistan,2009-2011,6.2
1,2,Afghanistan,2010-2012,6.4
2,2,Afghanistan,2011-2013,6.8
3,2,Afghanistan,2012-2014,7.2
4,2,Afghanistan,2013-2015,7.5
5,2,Afghanistan,2014-2016,7.5
6,2,Afghanistan,2015-2017,
7,202,Afrique du Sud,2009-2011,2.0
8,202,Afrique du Sud,2010-2012,1.9
9,202,Afrique du Sud,2011-2013,1.9
10,202,Afrique du Sud,2012-2014,2.0
11,202,Afrique du Sud,2013-2015,2.2
12,202,Afrique du Sud,2014-2016,2.5
13,202,Afrique du Sud,2015-2017,
14,3,Albanie,2009-2011,0.2
15,3,Albanie,2010-2012,0.2
16,3,Albanie,2011-2013,0.2
17,3,Albanie,2012-2014,0.2
18,3,Albanie,2013-2015,0.1
19,3,Albanie,2014-2016,0.1
20,3,Albanie,2015-2017,
21,4,Algérie,2009-2011,2.3
22,4,Algérie,2010-2012,2.0
23,4,Algérie,2011-2013,1.9
24,4,Algérie,2012-2014,1.8
25,4,Algérie,2013-2015,1.8
26,4,Algérie,2014-2016,1.8
27,4,Algérie,2015-2017,
28,79,Allemagne,2009-2011,
29,79,Allemagne,2010-2012,
30,79,Allemagne,2011-2013,
31,79,Allemagne,2012-2014,
32,79,Allemagne,2013-2015,
33,79,Allemagne,2014-2016,
34,79,Allemagne,2015-2017,
35,6,Andorre,2009-2011,
36,6,Andorre,2010-2012,
37,6,Andorre,2011-2013,
38,6,Andorre,2012-2014,
39,6,Andorre,2013-2015,
40,6,Andorre,2014-2016,
41,6,Andorre,2015-2017,
42,7,Angola,2009-2011,4.1
43,7,Angola,2010-2012,3.9
44,7,Angola,2011-2013,3.8
45,7,Angola,2012-2014,3.6
46,7,Angola,2013-2015,3.5
47,7,Angola,2014-2016,3.5
48,7,Angola,2015-2017,
49,8,Antigua-et-Barbuda,2009-2011,
50,8,Antigua-et-Barbuda,2010-2012,
51,8,Antigua-et-Barbuda,2011-2013,
52,8,Antigua-et-Barbuda,2012-2014,
53,8,Antigua-et-Barbuda,2013-2015,
54,8,Antigua-et-Barbuda,2014-2016,
55,8,Antigua-et-Barbuda,2015-2017,
56,194,Arabie saoudite,2009-2011,2.0
57,194,Arabie saoudite,2010-2012,1.8
58,194,Arabie saoudite,2011-2013,1.6
59,194,Arabie saoudite,2012-2014,1.6
60,194,Arabie saoudite,2013-2015,1.5
61,194,Arabie saoudite,2014-2016,1.4
62,194,Arabie saoudite,2015-2017,
63,9,Argentine,2009-2011,1.7
64,9,Argentine,2010-2012,1.6
65,9,Argentine,2011-2013,1.6
66,9,Argentine,2012-2014,1.5
67,9,Argentine,2013-2015,1.5
68,9,Argentine,2014-2016,1.6
69,9,Argentine,2015-2017,
70,1,Arménie,2009-2011,0.2
71,1,Arménie,2010-2012,0.2
72,1,Arménie,2011-2013,0.2
73,1,Arménie,2012-2014,0.1
74,1,Arménie,2013-2015,0.1
75,1,Arménie,2014-2016,0.1
76,1,Arménie,2015-2017,
77,10,Australie,2009-2011,
78,10,Australie,2010-2012,
79,10,Australie,2011-2013,
80,10,Australie,2012-2014,
81,10,Australie,2013-2015,
82,10,Australie,2014-2016,
83,10,Australie,2015-2017,
84,11,Autriche,2009-2011,
85,11,Autriche,2010-2012,
86,11,Autriche,2011-2013,
87,11,Autriche,2012-2014,
88,11,Autriche,2013-2015,
89,11,Autriche,2014-2016,
90,11,Autriche,2015-2017,
91,52,Azerbaïdjan,2009-2011,
92,52,Azerbaïdjan,2010-2012,
93,52,Azerbaïdjan,2011-2013,
94,52,Azerbaïdjan,2012-2014,
95,52,Azerbaïdjan,2013-2015,
96,52,Azerbaïdjan,2014-2016,
97,52,Azerbaïdjan,2015-2017,
98,12,Bahamas,2009-2011,
99,12,Bahamas,2010-2012,
100,12,Bahamas,2011-2013,
101,12,Bahamas,2012-2014,
102,12,Bahamas,2013-2015,
103,12,Bahamas,2014-2016,
104,12,Bahamas,2015-2017,
105,13,Bahreïn,2009-2011,
106,13,Bahreïn,2010-2012,
107,13,Bahreïn,2011-2013,
108,13,Bahreïn,2012-2014,
109,13,Bahreïn,2013-2015,
110,13,Bahreïn,2014-2016,
111,13,Bahreïn,2015-2017,
112,16,Bangladesh,2009-2011,25.6
113,16,Bangladesh,2010-2012,26.0
114,16,Bangladesh,2011-2013,26.1
115,16,Bangladesh,2012-2014,25.8
116,16,Bangladesh,2013-2015,25.4
117,16,Bangladesh,2014-2016,24.4
118,16,Bangladesh,2015-2017,
119,14,Barbade,2009-2011,
120,14,Barbade,2010-2012,
121,14,Barbade,2011-2013,
122,14,Barbade,2012-2014,
123,14,Barbade,2013-2015,
124,14,Barbade,2014-2016,
125,14,Barbade,2015-2017,
126,57,Bélarus,2009-2011,
127,57,Bélarus,2010-2012,
128,57,Bélarus,2011-2013,
129,57,Bélarus,2012-2014,
130,57,Bélarus,2013-2015,
131,57,Bélarus,2014-2016,
132,57,Bélarus,2015-2017,
133,255,Belgique,2009-2011,
134,255,Belgique,2010-2012,
135,255,Belgique,2011-2013,
136,255,Belgique,2012-2014,
137,255,Belgique,2013-2015,
138,255,Belgique,2014-2016,
139,255,Belgique,2015-2017,
140,23,Belize,2009-2011,
141,23,Belize,2010-2012,
142,23,Belize,2011-2013,
143,23,Belize,2012-2014,
144,23,Belize,2013-2015,
145,23,Belize,2014-2016,
146,23,Belize,2015-2017,
147,53,Bénin,2009-2011,1.2
148,53,Bénin,2010-2012,1.1
149,53,Bénin,2011-2013,1.1
150,53,Bénin,2012-2014,1.1
151,53,Bénin,2013-2015,1.1
152,53,Bénin,2014-2016,1.1
153,53,Bénin,2015-2017,
154,17,Bermudes,2009-2011,
155,17,Bermudes,2010-2012,
156,17,Bermudes,2011-2013,
157,17,Bermudes,2012-2014,
158,17,Bermudes,2013-2015,
159,17,Bermudes,2014-2016,
160,17,Bermudes,2015-2017,
161,18,Bhoutan,2009-2011,
162,18,Bhoutan,2010-2012,
163,18,Bhoutan,2011-2013,
164,18,Bhoutan,2012-2014,
165,18,Bhoutan,2013-2015,
166,18,Bhoutan,2014-2016,
167,18,Bhoutan,2015-2017,
168,19,Bolivie (État plurinational de),2009-2011,2.6
169,19,Bolivie (État plurinational de),2010-2012,2.5
170,19,Bolivie (État plurinational de),2011-2013,2.4
171,19,Bolivie (État plurinational de),2012-2014,2.3
172,19,Bolivie (État plurinational de),2013-2015,2.2
173,19,Bolivie (État plurinational de),2014-2016,2.2
174,19,Bolivie (État plurinational de),2015-2017,
175,80,Bosnie-Herzégovine,2009-2011,
176,80,Bosnie-Herzégovine,2010-2012,
177,80,Bosnie-Herzégovine,2011-2013,
178,80,Bosnie-Herzégovine,2012-2014,
179,80,Bosnie-Herzégovine,2013-2015,
180,80,Bosnie-Herzégovine,2014-2016,
181,80,Bosnie-Herzégovine,2015-2017,
182,20,Botswana,2009-2011,0.6
183,20,Botswana,2010-2012,0.6
184,20,Botswana,2011-2013,0.5
185,20,Botswana,2012-2014,0.5
186,20,Botswana,2013-2015,0.5
187,20,Botswana,2014-2016,0.6
188,20,Botswana,2015-2017,
189,21,Brésil,2009-2011,
190,21,Brésil,2010-2012,
191,21,Brésil,2011-2013,
192,21,Brésil,2012-2014,
193,21,Brésil,2013-2015,
194,21,Brésil,2014-2016,
195,21,Brésil,2015-2017,
196,26,Brunéi Darussalam,2009-2011,
197,26,Brunéi Darussalam,2010-2012,
198,26,Brunéi Darussalam,2011-2013,
199,26,Brunéi Darussalam,2012-2014,
200,26,Brunéi Darussalam,2013-2015,
201,26,Brunéi Darussalam,2014-2016,
202,26,Brunéi Darussalam,2015-2017,
203,27,Bulgarie,2009-2011,0.4
204,27,Bulgarie,2010-2012,0.4
205,27,Bulgarie,2011-2013,0.4
206,27,Bulgarie,2012-2014,0.3
207,27,Bulgarie,2013-2015,0.3
208,27,Bulgarie,2014-2016,0.2
209,27,Bulgarie,2015-2017,
210,233,Burkina Faso,2009-2011,3.3
211,233,Burkina Faso,2010-2012,3.3
212,233,Burkina Faso,2011-2013,3.3
213,233,Burkina Faso,2012-2014,3.4
214,233,Burkina Faso,2013-2015,3.4
215,233,Burkina Faso,2014-2016,3.7
216,233,Burkina Faso,2015-2017,
217,29,Burundi,2009-2011,
218,29,Burundi,2010-2012,
219,29,Burundi,2011-2013,
220,29,Burundi,2012-2014,
221,29,Burundi,2013-2015,
222,29,Burundi,2014-2016,
223,29,Burundi,2015-2017,
224,35,Cabo Verde,2009-2011,
225,35,Cabo Verde,2010-2012,
226,35,Cabo Verde,2011-2013,
227,35,Cabo Verde,2012-2014,
228,35,Cabo Verde,2013-2015,
229,35,Cabo Verde,2014-2016,
230,35,Cabo Verde,2015-2017,
231,115,Cambodge,2009-2011,2.7
232,115,Cambodge,2010-2012,2.7
233,115,Cambodge,2011-2013,2.7
234,115,Cambodge,2012-2014,2.6
235,115,Cambodge,2013-2015,2.5
236,115,Cambodge,2014-2016,2.4
237,115,Cambodge,2015-2017,
238,32,Cameroun,2009-2011,2.4
239,32,Cameroun,2010-2012,2.2
240,32,Cameroun,2011-2013,2.0
241,32,Cameroun,2012-2014,1.8
242,32,Cameroun,2013-2015,1.8
243,32,Cameroun,2014-2016,1.9
244,32,Cameroun,2015-2017,
245,33,Canada,2009-2011,
246,33,Canada,2010-2012,
247,33,Canada,2011-2013,
248,33,Canada,2012-2014,
249,33,Canada,2013-2015,
250,33,Canada,2014-2016,
251,33,Canada,2015-2017,
252,40,Chili,2009-2011,0.7
253,40,Chili,2010-2012,0.7
254,40,Chili,2011-2013,0.7
255,40,Chili,2012-2014,0.7
256,40,Chili,2013-2015,0.7
257,40,Chili,2014-2016,0.7
258,40,Chili,2015-2017,
259,351,Chine,2009-2011,163.7
260,351,Chine,2010-2012,156.0
261,351,Chine,2011-2013,149.6
262,351,Chine,2012-2014,144.1
263,351,Chine,2013-2015,138.7
264,351,Chine,2014-2016,134.7
265,351,Chine,2015-2017,
294,50,Chypre,2009-2011,
295,50,Chypre,2010-2012,
296,50,Chypre,2011-2013,
297,50,Chypre,2012-2014,
298,50,Chypre,2013-2015,
299,50,Chypre,2014-2016,
300,50,Chypre,2015-2017,
301,44,Colombie,2009-2011,5.1
302,44,Colombie,2010-2012,5.0
303,44,Colombie,2011-2013,4.7
304,44,Colombie,2012-2014,4.2
305,44,Colombie,2013-2015,3.7
306,44,Colombie,2014-2016,3.4
307,44,Colombie,2015-2017,
308,45,Comores,2009-2011,
309,45,Comores,2010-2012,
310,45,Comores,2011-2013,
311,45,Comores,2012-2014,
312,45,Comores,2013-2015,
313,45,Comores,2014-2016,
314,45,Comores,2015-2017,
315,46,Congo,2009-2011,1.3
316,46,Congo,2010-2012,1.2
317,46,Congo,2011-2013,1.2
318,46,Congo,2012-2014,1.2
319,46,Congo,2013-2015,1.2
320,46,Congo,2014-2016,1.3
321,46,Congo,2015-2017,
322,48,Costa Rica,2009-2011,0.2
323,48,Costa Rica,2010-2012,0.2
324,48,Costa Rica,2011-2013,0.3
325,48,Costa Rica,2012-2014,0.3
326,48,Costa Rica,2013-2015,0.3
327,48,Costa Rica,2014-2016,0.3
328,48,Costa Rica,2015-2017,
329,107,Côte d'Ivoire,2009-2011,3.3
330,107,Côte d'Ivoire,2010-2012,3.3
331,107,Côte d'Ivoire,2011-2013,3.3
332,107,Côte d'Ivoire,2012-2014,3.3
333,107,Côte d'Ivoire,2013-2015,3.3
334,107,Côte d'Ivoire,2014-2016,3.5
335,107,Côte d'Ivoire,2015-2017,
336,98,Croatie,2009-2011,0.1
337,98,Croatie,2010-2012,0.1
338,98,Croatie,2011-2013,
339,98,Croatie,2012-2014,
340,98,Croatie,2013-2015,
341,98,Croatie,2014-2016,
342,98,Croatie,2015-2017,
343,49,Cuba,2009-2011,
344,49,Cuba,2010-2012,
345,49,Cuba,2011-2013,
346,49,Cuba,2012-2014,
347,49,Cuba,2013-2015,
348,49,Cuba,2014-2016,
349,49,Cuba,2015-2017,
350,54,Danemark,2009-2011,
351,54,Danemark,2010-2012,
352,54,Danemark,2011-2013,
353,54,Danemark,2012-2014,
354,54,Danemark,2013-2015,
355,54,Danemark,2014-2016,
356,54,Danemark,2015-2017,
357,72,Djibouti,2009-2011,0.2
358,72,Djibouti,2010-2012,0.2
359,72,Djibouti,2011-2013,0.2
360,72,Djibouti,2012-2014,0.1
361,72,Djibouti,2013-2015,0.1
362,72,Djibouti,2014-2016,0.1
363,72,Djibouti,2015-2017,
364,55,Dominique,2009-2011,
365,55,Dominique,2010-2012,
366,55,Dominique,2011-2013,
367,55,Dominique,2012-2014,
368,55,Dominique,2013-2015,
369,55,Dominique,2014-2016,
370,55,Dominique,2015-2017,
371,59,Égypte,2009-2011,3.7
372,59,Égypte,2010-2012,3.7
373,59,Égypte,2011-2013,3.8
374,59,Égypte,2012-2014,3.8
375,59,Égypte,2013-2015,3.9
376,59,Égypte,2014-2016,4.1
377,59,Égypte,2015-2017,
378,60,El Salvador,2009-2011,0.8
379,60,El Salvador,2010-2012,0.8
380,60,El Salvador,2011-2013,0.8
381,60,El Salvador,2012-2014,0.8
382,60,El Salvador,2013-2015,0.7
383,60,El Salvador,2014-2016,0.8
384,60,El Salvador,2015-2017,
385,225,Émirats arabes unis,2009-2011,0.5
386,225,Émirats arabes unis,2010-2012,0.5
387,225,Émirats arabes unis,2011-2013,0.5
388,225,Émirats arabes unis,2012-2014,0.4
389,225,Émirats arabes unis,2013-2015,0.4
390,225,Émirats arabes unis,2014-2016,0.3
391,225,Émirats arabes unis,2015-2017,
392,58,Équateur,2009-2011,1.8
393,58,Équateur,2010-2012,1.8
394,58,Équateur,2011-2013,1.8
395,58,Équateur,2012-2014,1.8
396,58,Équateur,2013-2015,1.9
397,58,Équateur,2014-2016,1.9
398,58,Équateur,2015-2017,
399,178,Érythrée,2009-2011,
400,178,Érythrée,2010-2012,
401,178,Érythrée,2011-2013,
402,178,Érythrée,2012-2014,
403,178,Érythrée,2013-2015,
404,178,Érythrée,2014-2016,
405,178,Érythrée,2015-2017,
406,203,Espagne,2009-2011,
407,203,Espagne,2010-2012,
408,203,Espagne,2011-2013,
409,203,Espagne,2012-2014,
410,203,Espagne,2013-2015,
411,203,Espagne,2014-2016,
412,203,Espagne,2015-2017,
413,63,Estonie,2009-2011,
414,63,Estonie,2010-2012,
415,63,Estonie,2011-2013,
416,63,Estonie,2012-2014,
417,63,Estonie,2013-2015,
418,63,Estonie,2014-2016,
419,63,Estonie,2015-2017,
420,231,États-Unis d'Amérique,2009-2011,
421,231,États-Unis d'Amérique,2010-2012,
422,231,États-Unis d'Amérique,2011-2013,
423,231,États-Unis d'Amérique,2012-2014,
424,231,États-Unis d'Amérique,2013-2015,
425,231,États-Unis d'Amérique,2014-2016,
426,231,États-Unis d'Amérique,2015-2017,
427,238,Éthiopie,2009-2011,28.1
428,238,Éthiopie,2010-2012,27.8
429,238,Éthiopie,2011-2013,27.9
430,238,Éthiopie,2012-2014,27.8
431,238,Éthiopie,2013-2015,27.6
432,238,Éthiopie,2014-2016,28.6
433,238,Éthiopie,2015-2017,
434,185,Fédération de Russie,2009-2011,
435,185,Fédération de Russie,2010-2012,
436,185,Fédération de Russie,2011-2013,
437,185,Fédération de Russie,2012-2014,
438,185,Fédération de Russie,2013-2015,
439,185,Fédération de Russie,2014-2016,
440,185,Fédération de Russie,2015-2017,
441,66,Fidji,2009-2011,
442,66,Fidji,2010-2012,
443,66,Fidji,2011-2013,
444,66,Fidji,2012-2014,
445,66,Fidji,2013-2015,
446,66,Fidji,2014-2016,
447,66,Fidji,2015-2017,
448,67,Finlande,2009-2011,
449,67,Finlande,2010-2012,
450,67,Finlande,2011-2013,
451,67,Finlande,2012-2014,
452,67,Finlande,2013-2015,
453,67,Finlande,2014-2016,
454,67,Finlande,2015-2017,
455,68,France,2009-2011,
456,68,France,2010-2012,
457,68,France,2011-2013,
458,68,France,2012-2014,
459,68,France,2013-2015,
460,68,France,2014-2016,
461,68,France,2015-2017,
462,74,Gabon,2009-2011,0.1
463,74,Gabon,2010-2012,0.1
464,74,Gabon,2011-2013,0.1
465,74,Gabon,2012-2014,0.1
466,74,Gabon,2013-2015,0.1
467,74,Gabon,2014-2016,0.1
468,74,Gabon,2015-2017,
469,75,Gambie,2009-2011,0.2
470,75,Gambie,2010-2012,0.2
471,75,Gambie,2011-2013,0.2
472,75,Gambie,2012-2014,0.2
473,75,Gambie,2013-2015,0.2
474,75,Gambie,2014-2016,0.2
475,75,Gambie,2015-2017,
476,73,Géorgie,2009-2011,0.3
477,73,Géorgie,2010-2012,0.4
478,73,Géorgie,2011-2013,0.3
479,73,Géorgie,2012-2014,0.3
480,73,Géorgie,2013-2015,0.3
481,73,Géorgie,2014-2016,0.3
482,73,Géorgie,2015-2017,
483,81,Ghana,2009-2011,1.3
484,81,Ghana,2010-2012,1.4
485,81,Ghana,2011-2013,1.5
486,81,Ghana,2012-2014,1.7
487,81,Ghana,2013-2015,1.8
488,81,Ghana,2014-2016,2.1
489,81,Ghana,2015-2017,
490,84,Grèce,2009-2011,
491,84,Grèce,2010-2012,
492,84,Grèce,2011-2013,
493,84,Grèce,2012-2014,
494,84,Grèce,2013-2015,
495,84,Grèce,2014-2016,
496,84,Grèce,2015-2017,
497,86,Grenade,2009-2011,
498,86,Grenade,2010-2012,
499,86,Grenade,2011-2013,
500,86,Grenade,2012-2014,
501,86,Grenade,2013-2015,
502,86,Grenade,2014-2016,
503,86,Grenade,2015-2017,
504,85,Groenland,2009-2011,
505,85,Groenland,2010-2012,
506,85,Groenland,2011-2013,
507,85,Groenland,2012-2014,
508,85,Groenland,2013-2015,
509,85,Groenland,2014-2016,
510,85,Groenland,2015-2017,
511,89,Guatemala,2009-2011,2.3
512,89,Guatemala,2010-2012,2.4
513,89,Guatemala,2011-2013,2.5
514,89,Guatemala,2012-2014,2.6
515,89,Guatemala,2013-2015,2.6
516,89,Guatemala,2014-2016,2.5
517,89,Guatemala,2015-2017,
518,90,Guinée,2009-2011,2.0
519,90,Guinée,2010-2012,2.0
520,90,Guinée,2011-2013,2.0
521,90,Guinée,2012-2014,2.0
522,90,Guinée,2013-2015,2.0
523,90,Guinée,2014-2016,2.2
524,90,Guinée,2015-2017,
525,61,Guinée équatoriale,2009-2011,
526,61,Guinée équatoriale,2010-2012,
527,61,Guinée équatoriale,2011-2013,
528,61,Guinée équatoriale,2012-2014,
529,61,Guinée équatoriale,2013-2015,
530,61,Guinée équatoriale,2014-2016,
531,61,Guinée équatoriale,2015-2017,
532,175,Guinée-Bissau,2009-2011,0.4
533,175,Guinée-Bissau,2010-2012,0.4
534,175,Guinée-Bissau,2011-2013,0.4
535,175,Guinée-Bissau,2012-2014,0.4
536,175,Guinée-Bissau,2013-2015,0.5
537,175,Guinée-Bissau,2014-2016,0.5
538,175,Guinée-Bissau,2015-2017,
539,91,Guyana,2009-2011,
540,91,Guyana,2010-2012,
541,91,Guyana,2011-2013,
542,91,Guyana,2012-2014,
543,91,Guyana,2013-2015,
544,91,Guyana,2014-2016,
545,91,Guyana,2015-2017,
546,93,Haïti,2009-2011,5.0
547,93,Haïti,2010-2012,5.0
548,93,Haïti,2011-2013,5.1
549,93,Haïti,2012-2014,5.2
550,93,Haïti,2013-2015,5.1
551,93,Haïti,2014-2016,5.0
552,93,Haïti,2015-2017,
553,95,Honduras,2009-2011,1.2
554,95,Honduras,2010-2012,1.2
555,95,Honduras,2011-2013,1.2
556,95,Honduras,2012-2014,1.2
557,95,Honduras,2013-2015,1.3
558,95,Honduras,2014-2016,1.2
559,95,Honduras,2015-2017,
560,97,Hongrie,2009-2011,
561,97,Hongrie,2010-2012,
562,97,Hongrie,2011-2013,
563,97,Hongrie,2012-2014,
564,97,Hongrie,2013-2015,
565,97,Hongrie,2014-2016,
566,97,Hongrie,2015-2017,
567,47,Îles Cook,2009-2011,
568,47,Îles Cook,2010-2012,
569,47,Îles Cook,2011-2013,
570,47,Îles Cook,2012-2014,
571,47,Îles Cook,2013-2015,
572,47,Îles Cook,2014-2016,
573,47,Îles Cook,2015-2017,
574,127,Îles Marshall,2009-2011,
575,127,Îles Marshall,2010-2012,
576,127,Îles Marshall,2011-2013,
577,127,Îles Marshall,2012-2014,
578,127,Îles Marshall,2013-2015,
579,127,Îles Marshall,2014-2016,
580,127,Îles Marshall,2015-2017,
581,25,Îles Salomon,2009-2011,
582,25,Îles Salomon,2010-2012,
583,25,Îles Salomon,2011-2013,
584,25,Îles Salomon,2012-2014,
585,25,Îles Salomon,2013-2015,
586,25,Îles Salomon,2014-2016,
587,25,Îles Salomon,2015-2017,
588,100,Inde,2009-2011,191.9
589,100,Inde,2010-2012,193.6
590,100,Inde,2011-2013,195.1
591,100,Inde,2012-2014,195.1
592,100,Inde,2013-2015,192.8
593,100,Inde,2014-2016,190.7
594,100,Inde,2015-2017,
595,101,Indonésie,2009-2011,30.2
596,101,Indonésie,2010-2012,24.8
597,101,Indonésie,2011-2013,21.3
598,101,Indonésie,2012-2014,19.1
599,101,Indonésie,2013-2015,17.7
600,101,Indonésie,2014-2016,20.3
601,101,Indonésie,2015-2017,
602,102,Iran (République islamique d'),2009-2011,4.3
603,102,Iran (République islamique d'),2010-2012,4.3
604,102,Iran (République islamique d'),2011-2013,4.3
605,102,Iran (République islamique d'),2012-2014,4.2
606,102,Iran (République islamique d'),2013-2015,4.2
607,102,Iran (République islamique d'),2014-2016,4.3
608,102,Iran (République islamique d'),2015-2017,
609,103,Iraq,2009-2011,8.4
610,103,Iraq,2010-2012,8.4
611,103,Iraq,2011-2013,8.5
612,103,Iraq,2012-2014,8.9
613,103,Iraq,2013-2015,9.4
614,103,Iraq,2014-2016,10.1
615,103,Iraq,2015-2017,
616,104,Irlande,2009-2011,
617,104,Irlande,2010-2012,
618,104,Irlande,2011-2013,
619,104,Irlande,2012-2014,
620,104,Irlande,2013-2015,
621,104,Irlande,2014-2016,
622,104,Irlande,2015-2017,
623,99,Islande,2009-2011,
624,99,Islande,2010-2012,
625,99,Islande,2011-2013,
626,99,Islande,2012-2014,
627,99,Islande,2013-2015,
628,99,Islande,2014-2016,
629,99,Islande,2015-2017,
630,105,Israël,2009-2011,
631,105,Israël,2010-2012,
632,105,Israël,2011-2013,
633,105,Israël,2012-2014,
634,105,Israël,2013-2015,
635,105,Israël,2014-2016,
636,105,Israël,2015-2017,
637,106,Italie,2009-2011,
638,106,Italie,2010-2012,
639,106,Italie,2011-2013,
640,106,Italie,2012-2014,
641,106,Italie,2013-2015,
642,106,Italie,2014-2016,
643,106,Italie,2015-2017,
644,109,Jamaïque,2009-2011,0.2
645,109,Jamaïque,2010-2012,0.2
646,109,Jamaïque,2011-2013,0.3
647,109,Jamaïque,2012-2014,0.3
648,109,Jamaïque,2013-2015,0.3
649,109,Jamaïque,2014-2016,0.2
650,109,Jamaïque,2015-2017,
651,110,Japon,2009-2011,3.2
652,110,Japon,2010-2012,
653,110,Japon,2011-2013,
654,110,Japon,2012-2014,
655,110,Japon,2013-2015,
656,110,Japon,2014-2016,
657,110,Japon,2015-2017,
658,112,Jordanie,2009-2011,0.2
659,112,Jordanie,2010-2012,0.2
660,112,Jordanie,2011-2013,0.3
661,112,Jordanie,2012-2014,0.3
662,112,Jordanie,2013-2015,0.3
663,112,Jordanie,2014-2016,0.3
664,112,Jordanie,2015-2017,
665,108,Kazakhstan,2009-2011,0.5
666,108,Kazakhstan,2010-2012,0.4
667,108,Kazakhstan,2011-2013,
668,108,Kazakhstan,2012-2014,
669,108,Kazakhstan,2013-2015,
670,108,Kazakhstan,2014-2016,
671,108,Kazakhstan,2015-2017,
672,114,Kenya,2009-2011,9.5
673,114,Kenya,2010-2012,9.4
674,114,Kenya,2011-2013,9.2
675,114,Kenya,2012-2014,9.0
676,114,Kenya,2013-2015,8.7
677,114,Kenya,2014-2016,8.8
678,114,Kenya,2015-2017,
679,113,Kirghizistan,2009-2011,0.5
680,113,Kirghizistan,2010-2012,0.4
681,113,Kirghizistan,2011-2013,0.4
682,113,Kirghizistan,2012-2014,0.4
683,113,Kirghizistan,2013-2015,0.4
684,113,Kirghizistan,2014-2016,0.4
685,113,Kirghizistan,2015-2017,
686,83,Kiribati,2009-2011,
687,83,Kiribati,2010-2012,
688,83,Kiribati,2011-2013,
689,83,Kiribati,2012-2014,
690,83,Kiribati,2013-2015,
691,83,Kiribati,2014-2016,
692,83,Kiribati,2015-2017,
693,118,Koweït,2009-2011,
694,118,Koweït,2010-2012,
695,118,Koweït,2011-2013,
696,118,Koweït,2012-2014,
697,118,Koweït,2013-2015,
698,118,Koweït,2014-2016,
699,118,Koweït,2015-2017,
700,122,Lesotho,2009-2011,0.3
701,122,Lesotho,2010-2012,0.3
702,122,Lesotho,2011-2013,0.3
703,122,Lesotho,2012-2014,0.3
704,122,Lesotho,2013-2015,0.3
705,122,Lesotho,2014-2016,0.3
706,122,Lesotho,2015-2017,
707,119,Lettonie,2009-2011,
708,119,Lettonie,2010-2012,
709,119,Lettonie,2011-2013,
710,119,Lettonie,2012-2014,
711,119,Lettonie,2013-2015,
712,119,Lettonie,2014-2016,
713,119,Lettonie,2015-2017,
714,154,l'ex-République yougoslave de Macédoine,2009-2011,
715,154,l'ex-République yougoslave de Macédoine,2010-2012,
716,154,l'ex-République yougoslave de Macédoine,2011-2013,
717,154,l'ex-République yougoslave de Macédoine,2012-2014,
718,154,l'ex-République yougoslave de Macédoine,2013-2015,
719,154,l'ex-République yougoslave de Macédoine,2014-2016,
720,154,l'ex-République yougoslave de Macédoine,2015-2017,
721,121,Liban,2009-2011,0.2
722,121,Liban,2010-2012,0.2
723,121,Liban,2011-2013,0.2
724,121,Liban,2012-2014,0.3
725,121,Liban,2013-2015,0.3
726,121,Liban,2014-2016,0.3
727,121,Liban,2015-2017,
728,123,Libéria,2009-2011,1.4
729,123,Libéria,2010-2012,1.5
730,123,Libéria,2011-2013,1.6
731,123,Libéria,2012-2014,1.7
732,123,Libéria,2013-2015,1.8
733,123,Libéria,2014-2016,1.9
734,123,Libéria,2015-2017,
735,124,Libye,2009-2011,
736,124,Libye,2010-2012,
737,124,Libye,2011-2013,
738,124,Libye,2012-2014,
739,124,Libye,2013-2015,
740,124,Libye,2014-2016,
741,124,Libye,2015-2017,
742,126,Lituanie,2009-2011,
743,126,Lituanie,2010-2012,
744,126,Lituanie,2011-2013,
745,126,Lituanie,2012-2014,
746,126,Lituanie,2013-2015,
747,126,Lituanie,2014-2016,
748,126,Lituanie,2015-2017,
749,256,Luxembourg,2009-2011,
750,256,Luxembourg,2010-2012,
751,256,Luxembourg,2011-2013,
752,256,Luxembourg,2012-2014,
753,256,Luxembourg,2013-2015,
754,256,Luxembourg,2014-2016,
755,256,Luxembourg,2015-2017,
756,129,Madagascar,2009-2011,6.7
757,129,Madagascar,2010-2012,6.9
758,129,Madagascar,2011-2013,7.4
759,129,Madagascar,2012-2014,8.1
760,129,Madagascar,2013-2015,9.2
761,129,Madagascar,2014-2016,10.3
762,129,Madagascar,2015-2017,
763,131,Malaisie,2009-2011,1.1
764,131,Malaisie,2010-2012,1.0
765,131,Malaisie,2011-2013,1.0
766,131,Malaisie,2012-2014,0.9
767,131,Malaisie,2013-2015,0.8
768,131,Malaisie,2014-2016,
769,131,Malaisie,2015-2017,
770,130,Malawi,2009-2011,3.2
771,130,Malawi,2010-2012,3.2
772,130,Malawi,2011-2013,3.3
773,130,Malawi,2012-2014,3.5
774,130,Malawi,2013-2015,3.9
775,130,Malawi,2014-2016,4.5
776,130,Malawi,2015-2017,
777,132,Maldives,2009-2011,
778,132,Maldives,2010-2012,
779,132,Maldives,2011-2013,
780,132,Maldives,2012-2014,
781,132,Maldives,2013-2015,
782,132,Maldives,2014-2016,
783,132,Maldives,2015-2017,
784,133,Mali,2009-2011,1.1
785,133,Mali,2010-2012,1.1
786,133,Mali,2011-2013,1.0
787,133,Mali,2012-2014,1.0
788,133,Mali,2013-2015,0.8
789,133,Mali,2014-2016,0.7
790,133,Mali,2015-2017,
791,134,Malte,2009-2011,
792,134,Malte,2010-2012,
793,134,Malte,2011-2013,
794,134,Malte,2012-2014,
795,134,Malte,2013-2015,
796,134,Malte,2014-2016,
797,134,Malte,2015-2017,
798,143,Maroc,2009-2011,1.7
799,143,Maroc,2010-2012,1.6
800,143,Maroc,2011-2013,1.5
801,143,Maroc,2012-2014,1.4
802,143,Maroc,2013-2015,1.4
803,143,Maroc,2014-2016,1.2
804,143,Maroc,2015-2017,
805,137,Maurice,2009-2011,
806,137,Maurice,2010-2012,
807,137,Maurice,2011-2013,
808,137,Maurice,2012-2014,
809,137,Maurice,2013-2015,
810,137,Maurice,2014-2016,
811,137,Maurice,2015-2017,
812,136,Mauritanie,2009-2011,0.3
813,136,Mauritanie,2010-2012,0.3
814,136,Mauritanie,2011-2013,0.3
815,136,Mauritanie,2012-2014,0.2
816,136,Mauritanie,2013-2015,0.2
817,136,Mauritanie,2014-2016,0.2
818,136,Mauritanie,2015-2017,
819,138,Mexique,2009-2011,5.4
820,138,Mexique,2010-2012,5.5
821,138,Mexique,2011-2013,5.5
822,138,Mexique,2012-2014,5.5
823,138,Mexique,2013-2015,5.5
824,138,Mexique,2014-2016,5.4
825,138,Mexique,2015-2017,
826,145,Micronésie (États fédérés de),2009-2011,
827,145,Micronésie (États fédérés de),2010-2012,
828,145,Micronésie (États fédérés de),2011-2013,
829,145,Micronésie (États fédérés de),2012-2014,
830,145,Micronésie (États fédérés de),2013-2015,
831,145,Micronésie (États fédérés de),2014-2016,
832,145,Micronésie (États fédérés de),2015-2017,
833,141,Mongolie,2009-2011,0.6
834,141,Mongolie,2010-2012,0.5
835,141,Mongolie,2011-2013,0.5
836,141,Mongolie,2012-2014,0.5
837,141,Mongolie,2013-2015,0.5
838,141,Mongolie,2014-2016,0.6
839,141,Mongolie,2015-2017,
840,273,Monténégro,2009-2011,
841,273,Monténégro,2010-2012,
842,273,Monténégro,2011-2013,
843,273,Monténégro,2012-2014,
844,273,Monténégro,2013-2015,
845,273,Monténégro,2014-2016,
846,273,Monténégro,2015-2017,
847,144,Mozambique,2009-2011,7.3
848,144,Mozambique,2010-2012,7.2
849,144,Mozambique,2011-2013,7.1
850,144,Mozambique,2012-2014,7.2
851,144,Mozambique,2013-2015,7.3
852,144,Mozambique,2014-2016,7.4
853,144,Mozambique,2015-2017,
854,28,Myanmar,2009-2011,8.8
855,28,Myanmar,2010-2012,8.1
856,28,Myanmar,2011-2013,7.7
857,28,Myanmar,2012-2014,7.6
858,28,Myanmar,2013-2015,7.7
859,28,Myanmar,2014-2016,9.1
860,28,Myanmar,2015-2017,
861,147,Namibie,2009-2011,0.8
862,147,Namibie,2010-2012,0.8
863,147,Namibie,2011-2013,0.8
864,147,Namibie,2012-2014,0.7
865,147,Namibie,2013-2015,0.7
866,147,Namibie,2014-2016,0.7
867,147,Namibie,2015-2017,
868,148,Nauru,2009-2011,
869,148,Nauru,2010-2012,
870,148,Nauru,2011-2013,
871,148,Nauru,2012-2014,
872,148,Nauru,2013-2015,
873,148,Nauru,2014-2016,
874,148,Nauru,2015-2017,
875,149,Népal,2009-2011,2.7
876,149,Népal,2010-2012,2.5
877,149,Népal,2011-2013,2.4
878,149,Népal,2012-2014,2.4
879,149,Népal,2013-2015,2.3
880,149,Népal,2014-2016,2.3
881,149,Népal,2015-2017,
882,157,Nicaragua,2009-2011,1.2
883,157,Nicaragua,2010-2012,1.2
884,157,Nicaragua,2011-2013,1.1
885,157,Nicaragua,2012-2014,1.1
886,157,Nicaragua,2013-2015,1.0
887,157,Nicaragua,2014-2016,1.0
888,157,Nicaragua,2015-2017,
889,158,Niger,2009-2011,1.8
890,158,Niger,2010-2012,1.9
891,158,Niger,2011-2013,1.9
892,158,Niger,2012-2014,1.9
893,158,Niger,2013-2015,1.9
894,158,Niger,2014-2016,2.2
895,158,Niger,2015-2017,
896,159,Nigéria,2009-2011,10.1
897,159,Nigéria,2010-2012,10.5
898,159,Nigéria,2011-2013,11.0
899,159,Nigéria,2012-2014,11.6
900,159,Nigéria,2013-2015,13.0
901,159,Nigéria,2014-2016,14.3
902,159,Nigéria,2015-2017,
903,160,Nioué,2009-2011,
904,160,Nioué,2010-2012,
905,160,Nioué,2011-2013,
906,160,Nioué,2012-2014,
907,160,Nioué,2013-2015,
908,160,Nioué,2014-2016,
909,160,Nioué,2015-2017,
910,162,Norvège,2009-2011,
911,162,Norvège,2010-2012,
912,162,Norvège,2011-2013,
913,162,Norvège,2012-2014,
914,162,Norvège,2013-2015,
915,162,Norvège,2014-2016,
916,162,Norvège,2015-2017,
917,153,Nouvelle-Calédonie,2009-2011,
918,153,Nouvelle-Calédonie,2010-2012,
919,153,Nouvelle-Calédonie,2011-2013,
920,153,Nouvelle-Calédonie,2012-2014,
921,153,Nouvelle-Calédonie,2013-2015,
922,153,Nouvelle-Calédonie,2014-2016,
923,153,Nouvelle-Calédonie,2015-2017,
924,156,Nouvelle-Zélande,2009-2011,
925,156,Nouvelle-Zélande,2010-2012,
926,156,Nouvelle-Zélande,2011-2013,
927,156,Nouvelle-Zélande,2012-2014,
928,156,Nouvelle-Zélande,2013-2015,
929,156,Nouvelle-Zélande,2014-2016,
930,156,Nouvelle-Zélande,2015-2017,
931,221,Oman,2009-2011,0.2
932,221,Oman,2010-2012,0.2
933,221,Oman,2011-2013,0.2
934,221,Oman,2012-2014,0.2
935,221,Oman,2013-2015,0.2
936,221,Oman,2014-2016,0.3
937,221,Oman,2015-2017,
938,226,Ouganda,2009-2011,10.3
939,226,Ouganda,2010-2012,10.9
940,226,Ouganda,2011-2013,11.6
941,226,Ouganda,2012-2014,12.6
942,226,Ouganda,2013-2015,13.8
943,226,Ouganda,2014-2016,15.2
944,226,Ouganda,2015-2017,
945,235,Ouzbékistan,2009-2011,2.4
946,235,Ouzbékistan,2010-2012,2.2
947,235,Ouzbékistan,2011-2013,2.1
948,235,Ouzbékistan,2012-2014,2.0
949,235,Ouzbékistan,2013-2015,1.9
950,235,Ouzbékistan,2014-2016,1.9
951,235,Ouzbékistan,2015-2017,
952,165,Pakistan,2009-2011,35.8
953,165,Pakistan,2010-2012,36.5
954,165,Pakistan,2011-2013,37.2
955,165,Pakistan,2012-2014,37.8
956,165,Pakistan,2013-2015,38.3
957,165,Pakistan,2014-2016,37.6
958,165,Pakistan,2015-2017,
959,180,Palaos,2009-2011,
960,180,Palaos,2010-2012,
961,180,Palaos,2011-2013,
962,180,Palaos,2012-2014,
963,180,Palaos,2013-2015,
964,180,Palaos,2014-2016,
965,180,Palaos,2015-2017,
966,166,Panama,2009-2011,0.5
967,166,Panama,2010-2012,0.4
968,166,Panama,2011-2013,0.4
969,166,Panama,2012-2014,0.4
970,166,Panama,2013-2015,0.4
971,166,Panama,2014-2016,0.4
972,166,Panama,2015-2017,
973,168,Papouasie-Nouvelle-Guinée,2009-2011,
974,168,Papouasie-Nouvelle-Guinée,2010-2012,
975,168,Papouasie-Nouvelle-Guinée,2011-2013,
976,168,Papouasie-Nouvelle-Guinée,2012-2014,
977,168,Papouasie-Nouvelle-Guinée,2013-2015,
978,168,Papouasie-Nouvelle-Guinée,2014-2016,
979,168,Papouasie-Nouvelle-Guinée,2015-2017,
980,169,Paraguay,2009-2011,0.8
981,169,Paraguay,2010-2012,0.7
982,169,Paraguay,2011-2013,0.8
983,169,Paraguay,2012-2014,0.8
984,169,Paraguay,2013-2015,0.8
985,169,Paraguay,2014-2016,0.8
986,169,Paraguay,2015-2017,
987,150,Pays-Bas,2009-2011,
988,150,Pays-Bas,2010-2012,
989,150,Pays-Bas,2011-2013,
990,150,Pays-Bas,2012-2014,
991,150,Pays-Bas,2013-2015,
992,150,Pays-Bas,2014-2016,
993,150,Pays-Bas,2015-2017,
994,170,Pérou,2009-2011,3.3
995,170,Pérou,2010-2012,3.0
996,170,Pérou,2011-2013,2.7
997,170,Pérou,2012-2014,2.5
998,170,Pérou,2013-2015,2.4
999,170,Pérou,2014-2016,2.5
1000,170,Pérou,2015-2017,
1001,171,Philippines,2009-2011,12.4
1002,171,Philippines,2010-2012,13.1
1003,171,Philippines,2011-2013,13.7
1004,171,Philippines,2012-2014,14.1
1005,171,Philippines,2013-2015,14.1
1006,171,Philippines,2014-2016,13.9
1007,171,Philippines,2015-2017,
1008,173,Pologne,2009-2011,
1009,173,Pologne,2010-2012,
1010,173,Pologne,2011-2013,
1011,173,Pologne,2012-2014,
1012,173,Pologne,2013-2015,
1013,173,Pologne,2014-2016,
1014,173,Pologne,2015-2017,
1015,70,Polynésie française,2009-2011,
1016,70,Polynésie française,2010-2012,
1017,70,Polynésie française,2011-2013,
1018,70,Polynésie française,2012-2014,
1019,70,Polynésie française,2013-2015,
1020,70,Polynésie française,2014-2016,
1021,70,Polynésie française,2015-2017,
1022,177,Porto Rico,2009-2011,
1023,177,Porto Rico,2010-2012,
1024,177,Porto Rico,2011-2013,
1025,177,Porto Rico,2012-2014,
1026,177,Porto Rico,2013-2015,
1027,177,Porto Rico,2014-2016,
1028,177,Porto Rico,2015-2017,
1029,174,Portugal,2009-2011,
1030,174,Portugal,2010-2012,
1031,174,Portugal,2011-2013,
1032,174,Portugal,2012-2014,
1033,174,Portugal,2013-2015,
1034,174,Portugal,2014-2016,
1035,174,Portugal,2015-2017,
1036,179,Qatar,2009-2011,
1037,179,Qatar,2010-2012,
1038,179,Qatar,2011-2013,
1039,179,Qatar,2012-2014,
1040,179,Qatar,2013-2015,
1041,179,Qatar,2014-2016,
1042,179,Qatar,2015-2017,
1043,212,République arabe syrienne,2009-2011,
1044,212,République arabe syrienne,2010-2012,
1045,212,République arabe syrienne,2011-2013,
1046,212,République arabe syrienne,2012-2014,
1047,212,République arabe syrienne,2013-2015,
1048,212,République arabe syrienne,2014-2016,
1049,212,République arabe syrienne,2015-2017,
1050,37,République centrafricaine,2009-2011,1.5
1051,37,République centrafricaine,2010-2012,1.6
1052,37,République centrafricaine,2011-2013,1.9
1053,37,République centrafricaine,2012-2014,2.3
1054,37,République centrafricaine,2013-2015,2.6
1055,37,République centrafricaine,2014-2016,2.9
1056,37,République centrafricaine,2015-2017,
1057,117,République de Corée,2009-2011,
1058,117,République de Corée,2010-2012,
1059,117,République de Corée,2011-2013,
1060,117,République de Corée,2012-2014,
1061,117,République de Corée,2013-2015,
1062,117,République de Corée,2014-2016,
1063,117,République de Corée,2015-2017,
1064,146,République de Moldova,2009-2011,0.6
1065,146,République de Moldova,2010-2012,0.4
1066,146,République de Moldova,2011-2013,0.4
1067,146,République de Moldova,2012-2014,0.3
1068,146,République de Moldova,2013-2015,0.3
1069,146,République de Moldova,2014-2016,0.3
1070,146,République de Moldova,2015-2017,
1071,250,République démocratique du Congo,2009-2011,
1072,250,République démocratique du Congo,2010-2012,
1073,250,République démocratique du Congo,2011-2013,
1074,250,République démocratique du Congo,2012-2014,
1075,250,République démocratique du Congo,2013-2015,
1076,250,République démocratique du Congo,2014-2016,
1077,250,République démocratique du Congo,2015-2017,
1078,120,République démocratique populaire lao,2009-2011,1.3
1079,120,République démocratique populaire lao,2010-2012,1.2
1080,120,République démocratique populaire lao,2011-2013,1.2
1081,120,République démocratique populaire lao,2012-2014,1.1
1082,120,République démocratique populaire lao,2013-2015,1.1
1083,120,République démocratique populaire lao,2014-2016,1.2
1084,120,République démocratique populaire lao,2015-2017,
1085,56,République dominicaine,2009-2011,1.6
1086,56,République dominicaine,2010-2012,1.5
1087,56,République dominicaine,2011-2013,1.4
1088,56,République dominicaine,2012-2014,1.4
1089,56,République dominicaine,2013-2015,1.4
1090,56,République dominicaine,2014-2016,1.4
1091,56,République dominicaine,2015-2017,
1092,116,République populaire démocratique de Corée,2009-2011,10.3
1093,116,République populaire démocratique de Corée,2010-2012,10.3
1094,116,République populaire démocratique de Corée,2011-2013,10.3
1095,116,République populaire démocratique de Corée,2012-2014,10.3
1096,116,République populaire démocratique de Corée,2013-2015,10.2
1097,116,République populaire démocratique de Corée,2014-2016,10.3
1098,116,République populaire démocratique de Corée,2015-2017,
1099,215,République-Unie de Tanzanie,2009-2011,15.8
1100,215,République-Unie de Tanzanie,2010-2012,15.8
1101,215,République-Unie de Tanzanie,2011-2013,15.8
1102,215,République-Unie de Tanzanie,2012-2014,15.8
1103,215,République-Unie de Tanzanie,2013-2015,15.8
1104,215,République-Unie de Tanzanie,2014-2016,17.3
1105,215,République-Unie de Tanzanie,2015-2017,
1106,183,Roumanie,2009-2011,
1107,183,Roumanie,2010-2012,
1108,183,Roumanie,2011-2013,
1109,183,Roumanie,2012-2014,
1110,183,Roumanie,2013-2015,
1111,183,Roumanie,2014-2016,
1112,183,Roumanie,2015-2017,
1113,229,Royaume-Uni,2009-2011,
1114,229,Royaume-Uni,2010-2012,
1115,229,Royaume-Uni,2011-2013,
1116,229,Royaume-Uni,2012-2014,
1117,229,Royaume-Uni,2013-2015,
1118,229,Royaume-Uni,2014-2016,
1119,229,Royaume-Uni,2015-2017,
1120,184,Rwanda,2009-2011,3.5
1121,184,Rwanda,2010-2012,3.5
1122,184,Rwanda,2011-2013,3.6
1123,184,Rwanda,2012-2014,3.9
1124,184,Rwanda,2013-2015,4.4
1125,184,Rwanda,2014-2016,4.8
1126,184,Rwanda,2015-2017,
1127,189,Sainte-Lucie,2009-2011,
1128,189,Sainte-Lucie,2010-2012,
1129,189,Sainte-Lucie,2011-2013,
1130,189,Sainte-Lucie,2012-2014,
1131,189,Sainte-Lucie,2013-2015,
1132,189,Sainte-Lucie,2014-2016,
1133,189,Sainte-Lucie,2015-2017,
1134,188,Saint-Kitts-et-Nevis,2009-2011,
1135,188,Saint-Kitts-et-Nevis,2010-2012,
1136,188,Saint-Kitts-et-Nevis,2011-2013,
1137,188,Saint-Kitts-et-Nevis,2012-2014,
1138,188,Saint-Kitts-et-Nevis,2013-2015,
1139,188,Saint-Kitts-et-Nevis,2014-2016,
1140,188,Saint-Kitts-et-Nevis,2015-2017,
1141,191,Saint-Vincent-et-les Grenadines,2009-2011,
1142,191,Saint-Vincent-et-les Grenadines,2010-2012,
1143,191,Saint-Vincent-et-les Grenadines,2011-2013,
1144,191,Saint-Vincent-et-les Grenadines,2012-2014,
1145,191,Saint-Vincent-et-les Grenadines,2013-2015,
1146,191,Saint-Vincent-et-les Grenadines,2014-2016,
1147,191,Saint-Vincent-et-les Grenadines,2015-2017,
1148,244,Samoa,2009-2011,
1149,244,Samoa,2010-2012,
1150,244,Samoa,2011-2013,
1151,244,Samoa,2012-2014,
1152,244,Samoa,2013-2015,
1153,244,Samoa,2014-2016,
1154,244,Samoa,2015-2017,
1155,5,Samoa américaines,2009-2011,
1156,5,Samoa américaines,2010-2012,
1157,5,Samoa américaines,2011-2013,
1158,5,Samoa américaines,2012-2014,
1159,5,Samoa américaines,2013-2015,
1160,5,Samoa américaines,2014-2016,
1161,5,Samoa américaines,2015-2017,
1162,193,Sao Tomé-et-Principe,2009-2011,
1163,193,Sao Tomé-et-Principe,2010-2012,
1164,193,Sao Tomé-et-Principe,2011-2013,
1165,193,Sao Tomé-et-Principe,2012-2014,
1166,193,Sao Tomé-et-Principe,2013-2015,
1167,193,Sao Tomé-et-Principe,2014-2016,
1168,193,Sao Tomé-et-Principe,2015-2017,
1169,195,Sénégal,2009-2011,1.7
1170,195,Sénégal,2010-2012,1.7
1171,195,Sénégal,2011-2013,1.7
1172,195,Sénégal,2012-2014,1.7
1173,195,Sénégal,2013-2015,1.7
1174,195,Sénégal,2014-2016,1.7
1175,195,Sénégal,2015-2017,
1176,272,Serbie,2009-2011,0.5
1177,272,Serbie,2010-2012,0.5
1178,272,Serbie,2011-2013,0.5
1179,272,Serbie,2012-2014,0.5
1180,272,Serbie,2013-2015,0.5
1181,272,Serbie,2014-2016,0.5
1182,272,Serbie,2015-2017,
1183,196,Seychelles,2009-2011,
1184,196,Seychelles,2010-2012,
1185,196,Seychelles,2011-2013,
1186,196,Seychelles,2012-2014,
1187,196,Seychelles,2013-2015,
1188,196,Seychelles,2014-2016,
1189,196,Seychelles,2015-2017,
1190,197,Sierra Leone,2009-2011,1.6
1191,197,Sierra Leone,2010-2012,1.5
1192,197,Sierra Leone,2011-2013,1.5
1193,197,Sierra Leone,2012-2014,1.5
1194,197,Sierra Leone,2013-2015,1.6
1195,197,Sierra Leone,2014-2016,2.0
1196,197,Sierra Leone,2015-2017,
1197,200,Singapour,2009-2011,
1198,200,Singapour,2010-2012,
1199,200,Singapour,2011-2013,
1200,200,Singapour,2012-2014,
1201,200,Singapour,2013-2015,
1202,200,Singapour,2014-2016,
1203,200,Singapour,2015-2017,
1204,199,Slovaquie,2009-2011,0.2
1205,199,Slovaquie,2010-2012,0.2
1206,199,Slovaquie,2011-2013,0.2
1207,199,Slovaquie,2012-2014,0.2
1208,199,Slovaquie,2013-2015,0.2
1209,199,Slovaquie,2014-2016,0.2
1210,199,Slovaquie,2015-2017,
1211,198,Slovénie,2009-2011,
1212,198,Slovénie,2010-2012,
1213,198,Slovénie,2011-2013,
1214,198,Slovénie,2012-2014,
1215,198,Slovénie,2013-2015,
1216,198,Slovénie,2014-2016,
1217,198,Slovénie,2015-2017,
1218,201,Somalie,2009-2011,
1219,201,Somalie,2010-2012,
1220,201,Somalie,2011-2013,
1221,201,Somalie,2012-2014,
1222,201,Somalie,2013-2015,
1223,201,Somalie,2014-2016,
1224,201,Somalie,2015-2017,
1225,276,Soudan,2009-2011,
1226,276,Soudan,2010-2012,
1227,276,Soudan,2011-2013,9.9
1228,276,Soudan,2012-2014,9.9
1229,276,Soudan,2013-2015,10.1
1230,276,Soudan,2014-2016,10.3
1231,276,Soudan,2015-2017,
1232,277,Soudan du Sud,2009-2011,
1233,277,Soudan du Sud,2010-2012,
1234,277,Soudan du Sud,2011-2013,
1235,277,Soudan du Sud,2012-2014,
1236,277,Soudan du Sud,2013-2015,
1237,277,Soudan du Sud,2014-2016,
1238,277,Soudan du Sud,2015-2017,
1239,38,Sri Lanka,2009-2011,5.2
1240,38,Sri Lanka,2010-2012,5.1
1241,38,Sri Lanka,2011-2013,5.0
1242,38,Sri Lanka,2012-2014,4.9
1243,38,Sri Lanka,2013-2015,4.7
1244,38,Sri Lanka,2014-2016,4.6
1245,38,Sri Lanka,2015-2017,
1246,210,Suède,2009-2011,
1247,210,Suède,2010-2012,
1248,210,Suède,2011-2013,
1249,210,Suède,2012-2014,
1250,210,Suède,2013-2015,
1251,210,Suède,2014-2016,
1252,210,Suède,2015-2017,
1253,211,Suisse,2009-2011,
1254,211,Suisse,2010-2012,
1255,211,Suisse,2011-2013,
1256,211,Suisse,2012-2014,
1257,211,Suisse,2013-2015,
1258,211,Suisse,2014-2016,
1259,211,Suisse,2015-2017,
1260,207,Suriname,2009-2011,
1261,207,Suriname,2010-2012,
1262,207,Suriname,2011-2013,
1263,207,Suriname,2012-2014,
1264,207,Suriname,2013-2015,
1265,207,Suriname,2014-2016,
1266,207,Suriname,2015-2017,
1267,209,Swaziland,2009-2011,0.3
1268,209,Swaziland,2010-2012,0.3
1269,209,Swaziland,2011-2013,0.3
1270,209,Swaziland,2012-2014,0.3
1271,209,Swaziland,2013-2015,0.3
1272,209,Swaziland,2014-2016,0.3
1273,209,Swaziland,2015-2017,
1274,208,Tadjikistan,2009-2011,2.9
1275,208,Tadjikistan,2010-2012,2.9
1276,208,Tadjikistan,2011-2013,2.7
1277,208,Tadjikistan,2012-2014,2.6
1278,208,Tadjikistan,2013-2015,2.5
1279,208,Tadjikistan,2014-2016,2.6
1280,208,Tadjikistan,2015-2017,
1281,39,Tchad,2009-2011,4.8
1282,39,Tchad,2010-2012,4.8
1283,39,Tchad,2011-2013,4.8
1284,39,Tchad,2012-2014,4.8
1285,39,Tchad,2013-2015,4.8
1286,39,Tchad,2014-2016,4.6
1287,39,Tchad,2015-2017,
1288,167,Tchéquie (la),2009-2011,
1289,167,Tchéquie (la),2010-2012,
1290,167,Tchéquie (la),2011-2013,
1291,167,Tchéquie (la),2012-2014,
1292,167,Tchéquie (la),2013-2015,
1293,167,Tchéquie (la),2014-2016,
1294,167,Tchéquie (la),2015-2017,
1295,299,Territoire palestinien occupé,2009-2011,
1296,299,Territoire palestinien occupé,2010-2012,
1297,299,Territoire palestinien occupé,2011-2013,
1298,299,Territoire palestinien occupé,2012-2014,
1299,299,Territoire palestinien occupé,2013-2015,
1300,299,Territoire palestinien occupé,2014-2016,
1301,299,Territoire palestinien occupé,2015-2017,
1302,216,Thaïlande,2009-2011,6.2
1303,216,Thaïlande,2010-2012,5.9
1304,216,Thaïlande,2011-2013,5.7
1305,216,Thaïlande,2012-2014,5.7
1306,216,Thaïlande,2013-2015,5.7
1307,216,Thaïlande,2014-2016,6.5
1308,216,Thaïlande,2015-2017,
1309,176,Timor-Leste,2009-2011,0.3
1310,176,Timor-Leste,2010-2012,0.3
1311,176,Timor-Leste,2011-2013,0.3
1312,176,Timor-Leste,2012-2014,0.3
1313,176,Timor-Leste,2013-2015,0.3
1314,176,Timor-Leste,2014-2016,0.3
1315,176,Timor-Leste,2015-2017,
1316,217,Togo,2009-2011,1.3
1317,217,Togo,2010-2012,1.3
1318,217,Togo,2011-2013,1.2
1319,217,Togo,2012-2014,1.1
1320,217,Togo,2013-2015,0.9
1321,217,Togo,2014-2016,0.8
1322,217,Togo,2015-2017,
1323,218,Tokélaou,2009-2011,
1324,218,Tokélaou,2010-2012,
1325,218,Tokélaou,2011-2013,
1326,218,Tokélaou,2012-2014,
1327,218,Tokélaou,2013-2015,
1328,218,Tokélaou,2014-2016,
1329,218,Tokélaou,2015-2017,
1330,219,Tonga,2009-2011,
1331,219,Tonga,2010-2012,
1332,219,Tonga,2011-2013,
1333,219,Tonga,2012-2014,
1334,219,Tonga,2013-2015,
1335,219,Tonga,2014-2016,
1336,219,Tonga,2015-2017,
1337,220,Trinité-et-Tobago,2009-2011,0.1
1338,220,Trinité-et-Tobago,2010-2012,0.1
1339,220,Trinité-et-Tobago,2011-2013,
1340,220,Trinité-et-Tobago,2012-2014,
1341,220,Trinité-et-Tobago,2013-2015,
1342,220,Trinité-et-Tobago,2014-2016,
1343,220,Trinité-et-Tobago,2015-2017,
1344,222,Tunisie,2009-2011,0.5
1345,222,Tunisie,2010-2012,0.5
1346,222,Tunisie,2011-2013,0.5
1347,222,Tunisie,2012-2014,0.5
1348,222,Tunisie,2013-2015,0.5
1349,222,Tunisie,2014-2016,0.6
1350,222,Tunisie,2015-2017,
1351,213,Turkménistan,2009-2011,0.2
1352,213,Turkménistan,2010-2012,0.3
1353,213,Turkménistan,2011-2013,0.3
1354,213,Turkménistan,2012-2014,0.3
1355,213,Turkménistan,2013-2015,0.3
1356,213,Turkménistan,2014-2016,0.3
1357,213,Turkménistan,2015-2017,
1358,223,Turquie,2009-2011,
1359,223,Turquie,2010-2012,
1360,223,Turquie,2011-2013,
1361,223,Turquie,2012-2014,
1362,223,Turquie,2013-2015,
1363,223,Turquie,2014-2016,
1364,223,Turquie,2015-2017,
1365,227,Tuvalu,2009-2011,
1366,227,Tuvalu,2010-2012,
1367,227,Tuvalu,2011-2013,
1368,227,Tuvalu,2012-2014,
1369,227,Tuvalu,2013-2015,
1370,227,Tuvalu,2014-2016,
1371,227,Tuvalu,2015-2017,
1372,230,Ukraine,2009-2011,
1373,230,Ukraine,2010-2012,
1374,230,Ukraine,2011-2013,
1375,230,Ukraine,2012-2014,
1376,230,Ukraine,2013-2015,
1377,230,Ukraine,2014-2016,
1378,230,Ukraine,2015-2017,
1379,234,Uruguay,2009-2011,
1380,234,Uruguay,2010-2012,
1381,234,Uruguay,2011-2013,
1382,234,Uruguay,2012-2014,
1383,234,Uruguay,2013-2015,
1384,234,Uruguay,2014-2016,
1385,234,Uruguay,2015-2017,
1386,155,Vanuatu,2009-2011,
1387,155,Vanuatu,2010-2012,
1388,155,Vanuatu,2011-2013,
1389,155,Vanuatu,2012-2014,
1390,155,Vanuatu,2013-2015,
1391,155,Vanuatu,2014-2016,
1392,155,Vanuatu,2015-2017,
1393,236,Venezuela (République bolivarienne du),2009-2011,0.9
1394,236,Venezuela (République bolivarienne du),2010-2012,1.1
1395,236,Venezuela (République bolivarienne du),2011-2013,1.4
1396,236,Venezuela (République bolivarienne du),2012-2014,2.0
1397,236,Venezuela (République bolivarienne du),2013-2015,2.8
1398,236,Venezuela (République bolivarienne du),2014-2016,4.1
1399,236,Venezuela (République bolivarienne du),2015-2017,
1400,237,Viet Nam,2009-2011,12.1
1401,237,Viet Nam,2010-2012,11.6
1402,237,Viet Nam,2011-2013,11.2
1403,237,Viet Nam,2012-2014,10.8
1404,237,Viet Nam,2013-2015,10.3
1405,237,Viet Nam,2014-2016,10.0
1406,237,Viet Nam,2015-2017,
1407,249,Yémen,2009-2011,6.1
1408,249,Yémen,2010-2012,6.1
1409,249,Yémen,2011-2013,6.1
1410,249,Yémen,2012-2014,6.3
1411,249,Yémen,2013-2015,6.6
1412,249,Yémen,2014-2016,7.7
1413,249,Yémen,2015-2017,
1414,251,Zambie,2009-2011,6.9
1415,251,Zambie,2010-2012,7.0
1416,251,Zambie,2011-2013,7.1
1417,251,Zambie,2012-2014,7.2
1418,251,Zambie,2013-2015,7.3
1419,251,Zambie,2014-2016,7.4
1420,251,Zambie,2015-2017,
1421,181,Zimbabwe,2009-2011,4.7
1422,181,Zimbabwe,2010-2012,4.7
1423,181,Zimbabwe,2011-2013,5.0
1424,181,Zimbabwe,2012-2014,5.6
1425,181,Zimbabwe,2013-2015,6.3
1426,181,Zimbabwe,2014-2016,7.0
1427,181,Zimbabwe,2015-2017,
